HN,N,CO,CA,CB,HA,HB,amino,protein
0.2483813075477283,2.4085018501543782,1.3105592690505865,-1.699392594462012,-5.0350504484189775,0.0170850475685418,-0.9839948959065972,ALA,19258
0.2351180109854483,2.4393020449649967,1.300253690462181,-1.615754356811745,-4.964713992294826,-0.0013618395406712,-0.997026502286172,ALA,19258
0.240526499276187,2.431474962838374,1.2980668859219755,-1.5664434420424187,-5.0106211168196975,0.0096256847682987,-0.9702616637883766,ALA,19258
-2.1007128594502427,0.7737648861587387,-0.455651990965757,-1.96521599700396,-4.599450641813328,0.3136381695776555,-1.145438226216,ALA,19258
-2.108773298083248,0.7702064234701235,-0.4622962639833688,-1.9699584127194345,-4.590500128453463,0.3105146106728179,-1.1434908760465743,ALA,19258
-2.091955719598137,0.7696447225821427,-0.4623702048795823,-1.9814012711048503,-4.574301582904005,0.3040738282489253,-1.1542019994717652,ALA,19258
0.2483813075477283,2.4085018501543782,1.3105592690505865,-1.6993925944620152,-5.0350504484189775,0.0170850475685418,-0.9839948959065972,ALA,19258
0.2499945057199501,2.415809363059876,1.3091055423966893,-1.7136432130951411,-5.012842749330384,0.0073690780993187,-0.9919037605910324,ALA,19258
-2.1007128594502427,0.7737648861587387,-0.455651990965757,-1.9652159970039629,-4.599450641813328,0.3136381695776555,-1.145438226216,ALA,19258
-2.1239080836627844,0.8070449484864558,-0.4594801560262061,-1.884179753886079,-4.53147088086275,0.2961850821567949,-1.158294032167655,ALA,19258
0.2487149614699106,2.412661259878073,1.306589644494495,-1.7027829578863791,-5.028252283001823,0.013028253828785,-0.9811852123022348,ALA,19258
-2.108773298083248,0.7702064234701168,-0.4622962639833688,-1.9699584127194345,-4.590500128453463,0.3105146106728161,-1.1434908760465743,ALA,19258
-2.091955719598137,0.7696447225821292,-0.4623702048795823,-1.981401271104847,-4.574301582904005,0.3040738282489253,-1.1542019994717652,ALA,19258
0.2499945057199501,2.415809363059876,1.3091055423966893,-1.713643213095145,-5.012842749330384,0.0073690780993187,-0.9919037605910324,ALA,19258
0.2186777630447149,2.4658497502953463,1.268359503452828,-1.4345877584565,-4.880902351868563,0.0064460070567724,-0.9551188677949116,ALA,19258
0.2499945057199501,2.415809363059862,1.3091055423966893,-1.7136432130951411,-5.012842749330384,0.0073690780993187,-0.9919037605910324,ALA,19258
-2.159548843703127,0.8634261823886071,-0.4767782763284371,-1.7032236442880315,-4.458581039783265,0.3108147271448453,-1.1137742329374285,ALA,19258
0.2487149614699106,2.4126612598780657,1.306589644494495,-1.7027829578863791,-5.028252283001823,0.0130282538287832,-0.9811852123022348,ALA,19258
0.2427225102083874,2.420423897389139,1.236189159590127,-1.6143336994736706,-4.728709341979172,0.0946453787897485,-0.8664755507488683,ALA,19258
-2.1126534283072003,0.8422742875184731,-0.4937334353620422,-1.875950231424943,-4.313563618964001,0.4084648751177898,-1.0228061959045909,ALA,19258
-2.0902517956025712,0.7690775393810988,-0.4652758672674726,-1.97878716715338,-4.577784666438732,0.3049527817166916,-1.151516449698302,ALA,19258
-2.091955719598137,0.7696447225821427,-0.4623702048795823,-1.981401271104847,-4.574301582904005,0.3040738282489253,-1.1542019994717652,ALA,19258
-2.1104903308879943,0.7707721648930586,-0.4593809416305271,-1.972601868927401,-4.586929948726255,0.3096083150238714,-1.1462122511970427,ALA,19258
0.2485420444372534,2.414248120238819,1.3097532776932157,-1.7052601090507438,-5.024898066745991,0.0120419011953575,-0.983850000178568,ALA,19258
0.2498928021841069,2.410066199174322,1.309878741191498,-1.707924834296257,-5.022429256941309,0.0122520294965599,-0.9922631905599316,ALA,19258
-2.0902517956025712,0.7690775393811122,-0.4652758672674725,-1.97878716715338,-4.577784666438732,0.3049527817166916,-1.151516449698302,ALA,19258
-2.082131122061871,0.7725713909605328,-0.4587335265058433,-1.9741751388288824,-4.586248301822961,0.3079307851797349,-1.1536553939975067,ALA,19258
-2.1250088787529604,0.8140131584822621,-0.4604803859540181,-1.8334364315988343,-4.58189007793906,0.3105851895032622,-1.129907769033326,ALA,19258
0.2501724836148467,2.414229945198152,1.3059633406149886,-1.711194431167369,-5.016110348066122,0.0083315577832218,-0.9892762985836974,ALA,19258
0.2501724836148467,2.4142299451981657,1.3059633406149884,-1.711194431167369,-5.016110348066122,0.0083315577832218,-0.9892762985836971,ALA,19258
-1.0336683333561585,-0.3721674997067629,0.0609102841062665,-0.0963356894003678,-1.346786870778376,0.4262022874530062,-0.4922745062617691,ARG,19258
0.560350511188933,2.3613476445170165,-1.1638214731309586,-0.9991494886353812,-2.062282963967901,-3.270229395220015,-0.9886139314245312,ARG,19258
1.1135205820565122,3.1522993188276343,-2.337117120997081,-0.8306234872320525,-0.8269736555268198,0.3473000607754835,-1.7281931577193457,ARG,19258
0.5477369162111904,2.3853004436718366,-1.156281983712558,-0.8994798845481353,-2.0498001831908907,-3.28826350122536,-0.9937575658696556,ARG,19258
-1.0498847182417648,-0.3781480225322033,0.0604162259027418,-0.0870644831306633,-1.334195482208427,0.4286348805552784,-0.48085613469228,ARG,19258
1.1049682410743,3.145431387788164,-2.3359157131667745,-0.8368590231710024,-0.8416348021319384,0.3453834275662707,-1.7321592042923273,ARG,19258
-1.0488619098451202,-0.3779999207391261,0.057427946239513,-0.0855939614365658,-1.3393695956421006,0.4295091534104308,-0.4783666526618326,ARG,19258
1.108328052661235,3.1530340031614594,-2.345246254265468,-0.8357367146699277,-0.8147586896675798,0.3425248034149314,-1.733059694065178,ARG,19258
0.5596840304913624,2.354418204912868,-1.1550186801474809,-0.990061363340382,-2.1042804996003386,-3.25883844022548,-0.9807223959678932,ARG,19258
1.11312732330607,3.150253894985315,-2.339768889429625,-0.8286904204695951,-0.8323978816557792,0.3481962158730607,-1.7252689477788172,ARG,19258
0.5589333710069485,2.355891313402004,-1.159050942721514,-0.9974544449525854,-2.08774926828567,-3.2540126249502577,-0.9889917269767377,ARG,19258
1.1087095883365834,3.155067994758864,-2.342591651730896,-0.8376446282485753,-0.8094256691335387,0.3416564299345425,-1.735953457081418,ARG,19258
1.090694185518925,3.1854651672983407,-2.329044945121556,-0.5557172677730953,-0.8329525755309843,0.3493680983560017,-1.6824679573165162,ARG,19258
-1.0903136294498286,-0.2567951265910786,0.0359683909268872,0.1914410954655731,-1.32205344508977,0.432562215180076,-0.463608834566237,ARG,19258
1.1087095883365834,3.1550679947588773,-2.342591651730896,-0.8376446282485787,-0.8094256691335387,0.3416564299345425,-1.735953457081418,ARG,19258
-1.0390301304917122,-0.3811550692362989,0.0581149373613884,-0.0929277720205273,-1.3173111575010896,0.4227557283087694,-0.4891082029774115,ARG,19258
0.5548576955563886,2.3682123884319703,-1.1787309014982048,-0.9162282094520222,-1.9355570243177207,-3.3720139906473614,-0.8633066863200363,ARG,19258
0.5338411263779662,2.412835161598779,-1.1678004993439746,-0.7177516116079868,-2.039471773994669,-3.355813787516153,-0.9519028806636444,ARG,19258
0.5611617819803559,2.359875354167256,-1.1599050350365956,-0.9918772471576546,-2.0781938226944536,-3.2750750835636384,-0.9805588734687342,ARG,19258
-1.0536917258688911,-0.2609775974026229,0.0145427909898881,-0.0307923632183522,-1.230328227345698,0.5339926736490078,-0.3821674372090127,ARG,19258
1.106360354330771,3.129138379842562,-2.329850903762517,-0.7584277616083982,-0.749537586878752,0.4482153446526755,-1.5831670557364197,ARG,19258
0.560350511188933,2.3613476445170303,-1.1638214731309586,-0.9991494886353846,-2.062282963967901,-3.270229395220015,-0.9886139314245312,ARG,19258
-1.0390301304917122,-0.3811550692363123,0.0581149373613884,-0.0929277720205239,-1.3173111575010896,0.4227557283087694,-0.4891082029774115,ARG,19258
1.108328052661235,3.1530340031614457,-2.3452462542654686,-0.8357367146699277,-0.8147586896675798,0.3425248034149314,-1.733059694065178,ARG,19258
-1.0380122619381549,-0.3810146200364515,0.055139776285626,-0.0914796694319406,-1.3223946197023022,0.4236012712900809,-0.4866606952996019,ARG,19258
0.5611300722887445,2.3583222765101413,-1.1627220337414677,-0.9898438694165168,-2.083001068181129,-3.273204368108313,-0.9778952326317416,ARG,19258
0.560350511188933,2.3613476445170303,-1.1638214731309586,-0.9991494886353812,-2.062282963967901,-3.270229395220015,-0.9886139314245312,ARG,19258
0.5603262702103263,2.359801715431493,-1.166633473012865,-0.9971418570106956,-2.067000371366833,-3.268344229268519,-0.9859876468719148,ARG,19258
-1.0614795583870102,-0.3167210718357369,0.0562061836177987,0.0496411085001149,-1.3977582435524167,0.430968991397249,-0.4756823444991245,ARG,19258
1.107889471220209,3.1578437420673384,-2.3269797162253743,-0.6929478589257524,-0.9012341091487768,0.3487067267696913,-1.7021527611444456,ARG,19258
0.5603262702103263,2.35980171543148,-1.1666334730128651,-0.9971418570106956,-2.067000371366833,-3.268344229268519,-0.985987646871915,ARG,19258
1.1097158354469856,3.1426285477369973,-2.3302857791274096,-0.8297234379976173,-0.8598263021038216,0.3512015650321436,-1.7241252987101756,ARG,19258
-1.0445754006292034,-0.3690460524227965,0.0632863689359564,-0.0903874489171044,-1.3643053281289903,0.4322594183813024,-0.48384782194132,ARG,19258
0.554008016852408,2.3779628490578952,-1.1568123656799798,-0.8539912494518437,-2.126065095850901,-3.314973644203943,-0.9670255940874656,ARG,19258
0.5611300722887445,2.358322276510148,-1.1627220337414677,-0.9898438694165168,-2.083001068181129,-3.273204368108311,-0.9778952326317416,ARG,19258
1.1087095883365834,3.1550679947588773,-2.342591651730896,-0.8376446282485753,-0.8094256691335387,0.3416564299345425,-1.735953457081418,ARG,19258
0.5596840304913624,2.354418204912868,-1.1550186801474809,-0.9900613633403786,-2.1042804996003386,-3.25883844022548,-0.9807223959678932,ARG,19258
-1.0390301304917122,-0.3811550692362989,0.0581149373613884,-0.0929277720205239,-1.3173111575010896,0.4227557283087694,-0.4891082029774115,ARG,19258
-1.0488619098451202,-0.3779999207391194,0.057427946239513,-0.0855939614365658,-1.3393695956421006,0.4295091534104325,-0.4783666526618326,ARG,19258
-1.0445754006292034,-0.3690460524227965,0.0632863689359564,-0.0903874489171077,-1.3643053281289903,0.4322594183813024,-0.48384782194132,ARG,19258
1.1097158354469856,3.1426285477369973,-2.3302857791274096,-0.8297234379976204,-0.8598263021038216,0.3512015650321436,-1.7241252987101756,ARG,19258
1.11312732330607,3.1502538949853216,-2.339768889429625,-0.8286904204695951,-0.8323978816557792,0.3481962158730625,-1.7252689477788172,ARG,19258
-1.0380122619381549,-0.3810146200364649,0.055139776285626,-0.0914796694319406,-1.3223946197023022,0.4236012712900809,-0.4866606952996019,ARG,19258
1.1000942456898015,3.1723150851269617,-2.327238901244644,-0.7375725021858393,-0.8120787692183788,0.333874358905141,-1.7363509551549965,ARG,19258
-1.0633052947680908,-0.3340323657951513,0.0575550462925512,0.009000427595861,-1.313828447645652,0.4152038508357827,-0.4974240532952276,ARG,19258
-0.330441225830398,-0.7850970278629787,-2.1892049449610207,-0.3041376286610265,-0.0500744432528654,-0.3445925834448063,0.7933061359040379,ASN,19258
-0.2271670238201548,4.135886449911561,-1.1293614406627024,-2.665170741263445,0.1093832675937484,0.30573008632408,-1.7704857145084836,ASN,19258
-0.228532661805486,4.148201137359763,-1.1370259404130592,-2.6734733228883094,0.1416006622143235,0.3025816411569761,-1.7718769931108065,ASN,19258
-0.2627681110042396,4.15908961362142,-1.1424493882037547,-2.410584098514623,0.1067123438588016,0.3026982279424976,-1.7280277750094686,ASN,19258
-0.294011166783512,-0.9080013345686552,-2.18875713551786,-0.5807777118075432,-0.0523331606085994,-0.3249395531486373,0.7951542374355345,ASN,19258
-0.295615661061064,-0.9194997028229902,-2.1980259230052117,-0.5784784865783217,-0.0209148251617559,-0.330072677731336,0.8074670685559905,ASN,19258
-0.2241076130639566,4.155269295302308,-1.1380877579643351,-2.6864502668870176,0.1663284261651536,0.29616170157827,-1.7825593702735203,ASN,19258
-0.2290181681285906,4.150866987898474,-1.134205334568439,-2.676554686380398,0.1475054070670918,0.3016732106551119,-1.7748174527753264,ASN,19258
-0.2907484731339838,-0.9238779340198098,-2.200641158392458,-0.5868870818585342,0.00352001812936,-0.3348304004065622,0.7966666962635278,ASN,19258
-0.2236207241291683,4.1526202750503,-1.140903193985514,-2.683400844097145,0.1605159519533636,0.2970428824117999,-1.7796489266487634,ASN,19258
-0.2271670238201548,4.135886449911561,-1.1293614406627024,-2.665170741263448,0.1093832675937484,0.30573008632408,-1.7704857145084836,ASN,19258
-0.294011166783512,-0.9080013345686552,-2.18875713551786,-0.58077771180754,-0.0523331606085994,-0.3249395531486373,0.7951542374355345,ASN,19258
-0.2902181629686887,-0.9234037618852272,-2.203314715114632,-0.5851339936671561,-0.0022124573508055,-0.3337715871533811,0.7986540153887342,ASN,19258
-0.2961451056378459,-0.9199844566018937,-2.19535425712438,-0.5802558073475648,-0.0150902567477355,-0.3311513627535298,0.8054258877344875,ASN,19258
-0.3056621571142843,-0.8499809187264464,-2.186065197251251,-0.4429068052141892,-0.1064739458237948,-0.3374809440260269,0.7890815636069786,ASN,19258
-0.2424409301262682,4.164066232354427,-1.130718839738261,-2.5909859581752874,0.1518871537179884,0.2882504975781966,-1.7826608877223142,ASN,19258
-0.295615661061064,-0.9194997028229834,-2.1980259230052117,-0.5784784865783217,-0.0209148251617559,-0.3300726777313342,0.8074670685559905,ASN,19258
-0.3095676889170718,-0.8721700621600562,-2.186229300612264,-0.4861899874654318,-0.00895435140117,-0.3445326225650835,0.7801852628266541,ASN,19258
-0.2383501748126416,4.140605344714088,-1.1312664587314485,-2.536470882053383,0.0526924523606424,0.3025596027103306,-1.7479970819073534,ASN,19258
-0.2902181629686887,-0.9234037618852408,-2.203314715114632,-0.5851339936671561,-0.0022124573508055,-0.3337715871533811,0.7986540153887343,ASN,19258
-0.2907484731339838,-0.9238779340198232,-2.200641158392458,-0.5868870818585342,0.00352001812936,-0.3348304004065622,0.7966666962635278,ASN,19258
-0.2241076130639566,4.155269295302294,-1.1380877579643351,-2.6864502668870176,0.1663284261651536,0.29616170157827,-1.7825593702735203,ASN,19258
-0.2236207241291683,4.152620275050286,-1.1409031939855143,-2.683400844097145,0.1605159519533636,0.2970428824117999,-1.7796489266487636,ASN,19258
-0.228532661805486,4.148201137359769,-1.1370259404130592,-2.6734733228883094,0.1416006622143235,0.3025816411569779,-1.7718769931108065,ASN,19258
-0.2907484731339838,-0.9238779340198098,-2.200641158392458,-0.5868870818585376,0.00352001812936,-0.3348304004065622,0.7966666962635278,ASN,19258
-0.2241076130639566,4.155269295302308,-1.1380877579643351,-2.686450266887021,0.1663284261651536,0.29616170157827,-1.7825593702735203,ASN,19258
-0.2885582502434212,-0.9120320135770174,-2.194194673908935,-0.5875134998785442,-0.0330643565813016,-0.3287641353913696,0.786322510836586,ASN,19258
-0.2221998458949581,4.140364942145907,-1.1333588244934785,-2.6752539830391298,0.1288678230063855,0.3000460183615177,-1.7785049383875768,ASN,19258
0.2688523462836673,-0.1427486356100626,0.3186602443939337,-0.8072756560007096,0.9627912865732792,0.5937535823401392,0.4291877363378977,ASP,19258
0.267479634108687,-0.1400135721391684,0.3206864166703011,-0.8001875043818474,0.9421956478479268,0.6003061875198007,0.4379063274603358,ASP,19258
0.2678815326857896,-0.1478861389984157,0.3152177857599556,-0.7990042588214766,0.9785280626914732,0.5980847556220518,0.448310954527131,ASP,19258
0.2542970849256775,-0.1053473237971466,0.3140111035830372,-0.7077474580664677,0.9801938273871896,0.5838137731310141,0.4233263706902644,ASP,19258
0.259758494219513,-0.0901089030436076,0.3124893146175376,-0.6632819711972606,0.8723726073205645,0.6015127107470621,0.4358106212575122,ASP,19258
0.2692003232832806,-0.1505228991984557,0.3132725755599719,-0.8060041884492587,0.9985398645147328,0.5916866315190475,0.4396428701858083,ASP,19258
0.2690347514542431,-0.1505215307113648,0.3162822088716646,-0.8078937329141659,1.004764318726589,0.5908884200602137,0.437527012253798,ASP,19258
0.267479634108687,-0.1400135721391684,0.3206864166703011,-0.8001875043818442,0.9421956478479268,0.6003061875198007,0.4379063274603358,ASP,19258
0.2690347514542431,-0.1505215307113648,0.3162822088716646,-0.8078937329141624,1.004764318726589,0.5908884200602137,0.437527012253798,ASP,19258
0.2692003232832806,-0.1505228991984423,0.3132725755599719,-0.8060041884492587,0.9985398645147328,0.5916866315190475,0.4396428701858082,ASP,19258
0.2678815326857896,-0.1478861389984224,0.3152177857599556,-0.7990042588214766,0.9785280626914732,0.59808475562205,0.448310954527131,ASP,19258
0.2677211694398973,-0.1478911783856554,0.3182422531800111,-0.8009188472457561,0.984845702706076,0.5972558483914367,0.4461445552442811,ASP,19258
0.2690347514542431,-0.1505215307113783,0.3162822088716646,-0.8078937329141624,1.004764318726589,0.5908884200602137,0.437527012253798,ASP,19258
0.2380129387093311,-0.0322898683716895,0.2902972801077598,-0.5258688360140351,0.9141379024018812,0.6050378232299846,0.4422275407406983,ASP,19258
2.1635392020164383,-1.673081749104897,-1.141408237340665,-0.7483919422453401,-1.5039652414613185,1.0992425586498742,0.0893534254657399,GLN,19258
2.1553269841899687,-1.6572900074188484,-1.1366739365228942,-0.7481089216601272,-1.5324363898006244,1.1003498504106466,0.0829578404498572,GLN,19258
2.1624703702924952,-1.6721468878928842,-1.1442232299890351,-0.746539136007924,-1.5089569879449618,1.0998976618583935,0.0915938973554914,GLN,19258
2.1733419910804925,-1.5861214752544557,-1.1345627047893152,-0.6039501957402805,-1.5802368919759897,1.1171566621929672,0.0933265779110835,GLN,19258
2.1677631269241213,-1.6520041760649418,-1.132672052209117,-0.7411156371503014,-1.5497074958155217,1.1084005365620833,0.0915667506141515,GLN,19258
2.1624703702924952,-1.6721468878928707,-1.144223229989035,-0.746539136007924,-1.5089569879449618,1.0998976618583935,0.0915938973554914,GLN,19258
2.176044107203007,-1.6679645950820383,-1.1375214249514187,-0.7415095672731667,-1.5206056624405784,1.1070863040842918,0.0978336451201886,GLN,19258
2.174955368665786,-1.6670151088061151,-1.140341565358652,-0.7396319355252433,-1.5256878564217482,1.1077780470148293,0.1001214393999168,GLN,19258
2.1635392020164383,-1.673081749104897,-1.141408237340665,-0.7483919422453434,-1.5039652414613185,1.0992425586498742,0.0893534254657399,GLN,19258
2.1677631269241213,-1.6520041760649418,-1.132672052209117,-0.7411156371503046,-1.5497074958155217,1.1084005365620833,0.0915667506141515,GLN,19258
2.1635392020164383,-1.6730817491049106,-1.141408237340665,-0.7483919422453401,-1.5039652414613185,1.0992425586498742,0.0893534254657399,GLN,19258
2.174955368665786,-1.6670151088061218,-1.140341565358652,-0.7396319355252433,-1.5256878564217482,1.1077780470148275,0.1001214393999168,GLN,19258
2.167236996556492,-1.4995253924909917,-1.156843408497392,-0.671222250957974,-1.4070246257040315,1.249501125276944,0.1750245581939836,GLN,19258
2.162614941978519,-1.6150442642972949,-1.1340173099284845,-0.6480973698277279,-1.4982275469489306,1.0936108323060072,0.0773639332755973,GLN,19258
2.1618629173386856,-1.514393369758391,-1.1457204993186136,-0.4661719724959181,-1.501803953546076,1.126522896980884,0.1018689026815835,GLN,19258
0.3509078081117067,0.8619928540243463,0.1643702774042125,0.1039948209072496,-1.9630630250639332,-0.0895544736162205,-0.3010396356257518,GLU,19258
-0.2268109778466453,-1.3953391565588282,-0.2454003306776949,-0.0191084090928921,-2.064435009011809,0.2343421149704058,-0.4438609924401649,GLU,19258
1.2338931409513128,0.6025093582317684,0.2390975556877716,0.3868593077143984,-2.1665344533039224,-0.1099618561858199,-0.4077616970292552,GLU,19258
0.3356756115242703,0.4907060076105001,0.4524218633015071,0.2281930030175707,-1.9808787599500044,-0.0341695869216261,-0.2999430259035848,GLU,19258
1.238183259329778,0.5986822843737091,0.2365907038395523,0.3930035184415358,-2.1414944621536662,-0.115268885295853,-0.4041209495094602,GLU,19258
0.3352107506321304,0.4951017586136054,0.4545798376002784,0.222976845136114,-2.006783178491827,-0.0291429962990844,-0.3041653502281094,GLU,19258
0.3503783859117807,0.8644331537918556,0.1669938690478239,0.0994780266315638,-1.9890633271901448,-0.0843363640266115,-0.305255838089174,GLU,19258
3.0615931921489747,0.366966376612984,-1.6007896206421577,-0.7081948548430665,-0.8214614329577153,1.1456872596153995,-0.0762533872655881,GLU,19258
3.0720011064436545,0.3615757495627894,-1.6090282704830252,-0.7064238228530543,-0.7944861268923135,1.145379582861525,-0.0684538192845912,GLU,19258
3.091117472784818,0.3633728175589464,-1.6045290577427198,-0.6995791777460371,-0.812151844507918,1.1533926217309138,-0.0599909045640933,GLU,19258
-0.2122040203281073,-1.4780984165508149,-0.2486435180372186,-0.1603836190861838,-2.003991054632895,0.2298087383202136,-0.454322286800407,GLU,19258
0.3357977621228009,0.49031034518484,0.4493940517046293,0.229442835807014,-1.985636166714748,-0.0331954135674638,-0.297563221872107,GLU,19258
-0.2226078581324978,-1.313380012730644,-0.2821543363542845,-0.0981574666837563,-1.8758798266342895,0.3289639360480204,-0.3510069369921625,GLU,19258
-0.2511670056054692,-1.3253848361445362,-0.2633382760833813,0.1222685393255344,-1.978763085382408,0.2337079847225345,-0.4319849611087759,GLU,19258
1.2377173624065871,0.5982202268092011,0.2335917114752851,0.3941515921723029,-2.1461729476107805,-0.1142718814426132,-0.4017038594118866,GLU,19258
1.2365762598747214,0.6783755507050907,0.1888320871073762,0.4439931947672917,-2.0105427205373365,-0.0350666796925096,-0.3003051061308472,GLU,19258
-0.2175106931270036,-1.4741138638703708,-0.243006044140585,-0.1559038075433445,-2.0152359057291167,0.2342248235206488,-0.4484933887122461,GLU,19258
-0.2108241194352212,-1.4641447624914468,-0.2424224665859531,-0.1648939688743742,-2.025048255987408,0.2330255004066648,-0.4601051143603605,GLU,19258
0.3288948006418843,0.5748605590334845,0.3996005382261884,0.2829629131958719,-1.8584955994830288,0.0507106493038227,-0.1999577325511609,GLU,19258
0.3510200338575501,0.8613688855072096,0.1613809283985496,0.1053213374572426,-1.967829185898636,-0.0885647087017126,-0.2986594391093677,GLU,19258
3.0736629481156625,0.3618922037526311,-1.6062753500279705,-0.7082518453655778,-0.7891431401863193,1.1447372870061467,-0.0707515939706583,GLU,19258
0.3211541940671846,0.9533204849610476,0.1406439466026255,0.3890092866326792,-1.943921577135371,-0.0929811081719992,-0.2797615702287939,GLU,19258
1.2395844560615068,0.6039892693571182,0.2412317395561613,0.3920328001405057,-2.1829607146684844,-0.1054902428618928,-0.3993082401914638,GLU,19258
0.3502977889140727,0.8623464387461703,0.16352794449874,0.1109001561390681,-1.9839596432145632,-0.0841506227402668,-0.2902894814986287,GLU,19258
0.3496024383208132,0.8654719367856486,0.1692259384214839,0.1051123021587168,-2.0057260433558106,-0.0797889722877697,-0.2967699087787354,GLU,19258
0.3343237770720442,0.4967625640087301,0.4564214900736075,0.2284131043959861,-2.0234222854991644,-0.024432389512734,-0.2956790754658341,GLU,19258
0.3349645319413675,0.4918963260465677,0.4511584085295644,0.2348281007970805,-2.0017433244930896,-0.0286198361293795,-0.2891928216084644,GLU,19258
1.2395844560615068,0.6039892693571182,0.2412317395561613,0.3920328001405023,-2.1829607146684844,-0.1054902428618928,-0.3993082401914638,GLU,19258
3.082578214938972,0.4513689900217383,-1.6108062262917744,-0.6320028414061956,-0.7303370971893008,1.2976201147139097,0.0208064893241496,GLU,19258
-0.2157080278835789,-1.4591842234647672,-0.2396345875616778,-0.1588358030107951,-2.041663027400776,0.238511378668681,-0.4516682392107295,GLU,19258
-0.217032719075958,-1.4732848202769857,-0.245951736282918,-0.1543904630337869,-2.0200741959648023,0.2351514002723305,-0.4460151859019811,GLU,19258
1.2386670368348278,0.6460316534844015,0.2333794092285495,0.5341839413987964,-2.203504639748717,-0.1147709105221537,-0.3920838772255867,GLU,19258
1.2434600075740487,0.599629266984716,0.2356427870655413,0.3992800121493509,-2.1620700510964275,-0.1099327736667495,-0.3933755111740873,GLU,19258
0.3270704765211557,0.5399380713804933,0.4476354029903767,0.3698443411250928,-2.046481896758683,-0.032508645894596,-0.2896083366967343,GLU,19258
0.3424560724758185,0.904751090544814,0.1616860574697907,0.2460010320363154,-2.0290646983041576,-0.0886877534451237,-0.2906870265970379,GLU,19258
3.0926313493714948,0.4133702892214393,-1.5960371528917303,-0.5639247916621578,-0.881405298600548,1.163303786252328,-0.0641621475332583,GLU,19258
-0.2157080278835789,-1.4591842234647672,-0.2396345875616778,-0.1588358030107984,-2.041663027400776,0.238511378668681,-0.4516682392107295,GLU,19258
3.080663136537966,0.3688429856983667,-1.59615766870825,-0.7012655679861642,-0.8396798110483108,1.153872015270147,-0.0676949130694481,GLU,19258
0.3496024383208132,0.8654719367856486,0.1692259384214839,0.1051123021587202,-2.0057260433558106,-0.0797889722877697,-0.2967699087787354,GLU,19258
0.3343237770720442,0.4967625640087301,0.4564214900736075,0.2284131043959895,-2.0234222854991644,-0.024432389512734,-0.2956790754658341,GLU,19258
-0.2126834656233801,-1.4789138829956283,-0.2457089255735155,-0.1618742913669354,-1.9992426712941087,0.2289086248776926,-0.4567582161734816,GLU,19258
1.2221733800383172,0.6970064735237224,0.2117906133509619,0.6789654808635397,-2.1157535609900764,-0.119359730579632,-0.3805291670085002,GLU,19258
0.3056860535354896,0.591899288977483,0.424412835817274,0.5136146446109725,-1.961078380438836,-0.0361656137555577,-0.2786895745183716,GLU,19258
3.080663136537966,0.3688429856983667,-1.59615766870825,-0.7012655679861675,-0.8396798110483108,1.153872015270147,-0.0676949130694481,GLU,19258
3.086084314107359,0.4665082617995078,-1.603676055399919,-0.4259002788527427,-0.8134202148470397,1.173192767394388,-0.054642471040088,GLU,19258
0.3442143189411745,0.9308068461849774,0.1183057207714724,0.1616134459944889,-1.8416303044855389,-0.0078689900107461,-0.2010140206941048,GLU,19258
1.2377173624065871,0.5982202268091876,0.2335917114752852,0.3941515921723029,-2.1461729476107805,-0.1142718814426132,-0.4017038594118866,GLU,19258
0.3356756115242703,0.4907060076105136,0.4524218633015071,0.2281930030175673,-1.9808787599500044,-0.0341695869216261,-0.2999430259035848,GLU,19258
0.3349645319413675,0.4918963260465609,0.4511584085295644,0.2348281007970805,-2.0017433244930896,-0.0286198361293813,-0.2891928216084644,GLU,19258
0.3501914069512697,0.8629694638839712,0.1665311181583476,0.1095519434452915,-1.979103535992489,-0.085163127321958,-0.2927133911134394,GLU,19258
0.3502977889140727,0.8623464387461637,0.16352794449874,0.1109001561390681,-1.9839596432145632,-0.0841506227402685,-0.2902894814986287,GLU,19258
0.3348481069491526,0.4922890412743442,0.4542019588824803,0.2335570278325231,-1.99689599078704,-0.0296173967406343,-0.2916163488768282,GLU,19258
3.0720011064436545,0.361575749562776,-1.6090282704830257,-0.7064238228530543,-0.7944861268923135,1.145379582861525,-0.0684538192845912,GLU,19258
1.2439386320744927,0.6000889600944893,0.2386560839883126,0.3981113033121603,-2.157301814011769,-0.1109522165204291,-0.3958353613549029,GLU,19258
3.091117472784818,0.3633728175589397,-1.6045290577427198,-0.6995791777460371,-0.812151844507918,1.153392621730912,-0.0599909045640933,GLU,19258
3.0793746763214904,0.4027373075002559,-1.5958031365608625,-0.6078572309365134,-0.7920412753146459,1.1392346936329516,-0.0817243056615408,GLU,19258
-0.2126834656233801,-1.4789138829956148,-0.2457089255735155,-0.1618742913669354,-1.9992426712941087,0.2289086248776926,-0.4567582161734816,GLU,19258
0.3367671028686665,0.8986128811139887,0.1631060923799632,0.2064138148621709,-1.951778929229384,-0.0985605006285112,-0.3105498548176987,GLU,19258
-0.217032719075958,-1.4732848202769926,-0.245951736282918,-0.1543904630337869,-2.0200741959648023,0.2351514002723288,-0.4460151859019811,GLU,19258
0.3214238437164812,0.5304628340371295,0.4492483813825082,0.3309215387255735,-1.9693794306313115,-0.0430184085783164,-0.3094602093455266,GLU,19258
1.2305119484833618,0.6375268783400921,0.234847819017484,0.4961428148789131,-2.12805472019331,-0.1243479005089582,-0.4129765292018835,GLU,19258
1.238183259329778,0.5986822843737225,0.2365907038395523,0.3930035184415358,-2.1414944621536662,-0.115268885295853,-0.4041209495094602,GLU,19258
0.3356756115242703,0.4907060076105136,0.4524218633015071,0.2281930030175707,-1.9808787599500044,-0.0341695869216261,-0.2999430259035848,GLU,19258
0.3509078081117067,0.8619928540243599,0.1643702774042125,0.1039948209072496,-1.9630630250639332,-0.0895544736162205,-0.3010396356257518,GLU,19258
-0.2122040203281073,-1.4780984165508282,-0.2486435180372186,-0.1603836190861838,-2.003991054632895,0.2298087383202136,-0.454322286800407,GLU,19258
1.2434600075740487,0.5996292669847092,0.2356427870655413,0.3992800121493509,-2.1620700510964275,-0.1099327736667513,-0.3933755111740873,GLU,19258
-0.2126834656233801,-1.4789138829956148,-0.2457089255735155,-0.1618742913669388,-1.9992426712941087,0.2289086248776926,-0.4567582161734816,GLU,19258
3.0736629481156625,0.3618922037526446,-1.6062753500279705,-0.7082518453655778,-0.7891431401863193,1.1447372870061467,-0.0707515939706583,GLU,19258
1.238183259329778,0.5986822843737225,0.2365907038395523,0.3930035184415325,-2.1414944621536662,-0.115268885295853,-0.4041209495094602,GLU,19258
0.3510200338575501,0.8613688855071961,0.1613809283985496,0.1053213374572426,-1.967829185898636,-0.0885647087017126,-0.2986594391093677,GLU,19258
3.0736629481156625,0.3618922037526446,-1.6062753500279705,-0.7082518453655813,-0.7891431401863193,1.1447372870061467,-0.0707515939706583,GLU,19258
-0.23093348576213,-1.4225168162086308,-0.2442549761135967,-0.0601179286172801,-1.9875214859225296,0.2208065286601044,-0.4652795118661482,GLU,19258
3.092806282329404,0.3636856293485513,-1.6017740785696442,-0.7014318784027681,-0.8067176300684075,1.1527131542046634,-0.0623345214250632,GLU,19258
0.3357977621228009,0.4903103451848266,0.4493940517046295,0.229442835807014,-1.985636166714748,-0.0331954135674638,-0.297563221872107,GLU,19258
0.3509078081117067,0.8619928540243599,0.1643702774042125,0.1039948209072462,-1.9630630250639332,-0.0895544736162205,-0.3010396356257518,GLU,19258
-0.0755936963364658,0.6394101782405471,0.1701811163127844,0.7467086074173207,-1.945795466635895,-0.3763690654275071,0.920583594868411,HIS,19258
0.0865330624663112,0.0487317506430326,-0.4611258222630421,0.1827202946031089,-1.837701249165504,0.619371279086172,0.8775816564715143,HIS,19258
-0.0782000766446714,0.6444344301464228,0.1750195086277037,0.7431822331280143,-1.9885743009707133,-0.3664569902299132,0.9184184017933884,HIS,19258
-0.0752035747153785,0.6389230768955697,0.167190991404705,0.7476382927957999,-1.9505701121845576,-0.3752985585040668,0.9225265631992088,HIS,19258
-0.0847321934389005,0.7174206791426266,0.1239802559938832,0.7895854036411958,-1.8252839416418165,-0.3112278364611863,0.9756909705455882,HIS,19258
0.0862483924050263,0.048855717171579,-0.4582196056591401,0.1814415960634933,-1.8328711162811016,0.6185808634075108,0.8756225962595594,HIS,19258
-0.0782000766446714,0.6444344301464228,0.1750195086277037,0.7431822331280178,-1.9885743009707133,-0.3664569902299132,0.9184184017933884,HIS,19258
0.0862483924050263,0.048855717171579,-0.4582196056591401,0.1814415960634967,-1.8328711162811016,0.6185808634075108,0.8756225962595594,HIS,19258
-0.0883406142546933,0.6860494081376303,0.1674544880710516,0.8868783843930749,-2.012183413648233,-0.3796152746889218,0.9109735223412976,HIS,19258
-0.0755936963364658,0.6394101782405337,0.1701811163127844,0.7467086074173207,-1.945795466635895,-0.3763690654275071,0.920583594868411,HIS,19258
-0.0794209931079628,0.64075033298279,0.172334276328556,0.7512664675936713,-1.961858541345462,-0.3728106606895217,0.9293916604715656,HIS,19258
0.0865330624663112,0.0487317506430191,-0.4611258222630422,0.1827202946031089,-1.837701249165504,0.619371279086172,0.8775816564715144,HIS,19258
0.0751313427635793,0.1057919656658028,-0.4563600783816554,0.3232265175517519,-1.9017851711364675,0.6296022645223259,0.8667472364288455,HIS,19258
0.0701779750994737,0.0923454948499918,-0.4553570682883973,0.2840536122522787,-1.823159880522986,0.6115848191561115,0.8586397368230507,HIS,19258
0.0868407229278834,0.0555785549129502,-0.4545896364690444,0.1764886967256572,-1.8595721061393848,0.6213502662039027,0.8648376368332436,HIS,19258
0.0841356991234792,0.0579795987014966,-0.4515137265327093,0.1819994944283461,-1.8764073507697576,0.6279844789073186,0.8736942359644325,HIS,19258
-0.0790334063216249,0.6402653762859409,0.1693302881535215,0.7522154895214126,-1.9667231521292217,-0.3717207676895006,0.9313896361445732,HIS,19258
0.0523952523290115,0.1617896259000955,-0.4726893874348346,0.4667099661324527,-1.818544937610048,0.6334455704382053,0.8704898270544509,HIS,19258
0.0841356991234792,0.0579795987014966,-0.4515137265327093,0.1819994944283494,-1.8764073507697576,0.6279844789073186,0.8736942359644325,HIS,19258
0.0862483924050263,0.0488557171715656,-0.4582196056591401,0.1814415960634967,-1.8328711162811016,0.6185808634075108,0.8756225962595594,HIS,19258
-0.1119537408202277,0.7366521659402865,0.1463683910536226,1.0338301695545764,-1.9272926754720128,-0.3872042042571366,0.9144416511817696,HIS,19258
0.0780376884910367,0.1512663167983457,-0.4896801959174301,0.2372838361885084,-1.7183839179654092,0.7411135412255163,0.9323831566848814,HIS,19258
0.0836015694145118,0.0511604261024206,-0.4552358286517731,0.1868783078540607,-1.8490817509553796,0.6250287136820987,0.8844129287705018,HIS,19258
0.0838824490133477,0.0510417914180785,-0.4581517328013484,0.1881784182071836,-1.854001972333018,0.6258501489274954,0.8864265806478308,HIS,19258
0.0838824490133477,0.0510417914180718,-0.4581517328013484,0.1881784182071836,-1.854001972333018,0.6258501489274936,0.8864265806478308,HIS,19258
-0.0928441533924755,0.6779106845245433,0.1688784152128486,0.8507294505203183,-1.9347199817167464,-0.3861891916027287,0.90331520118211,HIS,19258
-0.0743154019183816,0.6430227510701987,0.1727953150992952,0.738572672961201,-1.97188870208236,-0.3701591611870141,0.909547639136896,HIS,19258
-0.0790334063216249,0.6402653762859476,0.1693302881535215,0.7522154895214126,-1.9667231521292217,-0.3717207676894988,0.9313896361445732,HIS,19258
-0.0752035747153785,0.6389230768955831,0.167190991404705,0.7476382927957999,-1.9505701121845576,-0.3752985585040668,0.9225265631992088,HIS,19258
-0.0755936963364658,0.6394101782405471,0.1701811163127844,0.7467086074173174,-1.945795466635895,-0.3763690654275071,0.920583594868411,HIS,19258
0.0282492540183498,0.7015302198947936,1.7023116957182765,3.3365400004154857,-0.0858233622082465,-0.8509973701454202,-0.2400966819830353,ILE,19258
0.0340493638520618,0.6237274248261386,1.7832107304245537,3.3532887005945407,-0.1325416245715865,-0.88339730146124,-0.3308658974347134,ILE,19258
0.0367437534958638,0.6228348725970599,1.7864244527452502,3.353453722432441,-0.108307979309365,-0.8867012356848332,-0.3416141953459349,ILE,19258
0.0344800500649859,0.6279741902903118,1.786459678848792,3.331092607081364,-0.1634111112930386,-0.8765283600855914,-0.3371307413560859,ILE,19258
0.0367437534958638,0.6228348725970734,1.7864244527452502,3.353453722432438,-0.108307979309365,-0.8867012356848332,-0.3416141953459349,ILE,19258
0.0340493638520618,0.6237274248261454,1.7832107304245537,3.3532887005945407,-0.1325416245715865,-0.8833973014612382,-0.3308658974347134,ILE,19258
0.033735844407637,0.624202099830576,1.786441270247632,3.353958733059537,-0.1267721268427666,-0.8846248924745682,-0.333303953868058,ILE,19258
0.0375459082690257,0.6265347423568854,1.7864260954210878,3.330639129786759,-0.1442905001364788,-0.8787266209620777,-0.3456038889485676,ILE,19258
0.025128155910931,0.6697631126392245,1.771902256741408,3.486175213937012,-0.2158003607383561,-0.8972656228330617,-0.3305985529082751,ILE,19258
0.0367437534958638,0.6228348725970734,1.7864244527452502,3.353453722432441,-0.108307979309365,-0.8867012356848332,-0.3416141953459349,ILE,19258
0.0344800500649859,0.6279741902903118,1.786459678848792,3.331092607081368,-0.1634111112930386,-0.8765283600855914,-0.3371307413560859,ILE,19258
0.0370606793283824,0.6223579634883359,1.7832185161221992,3.352773923559078,-0.1139855061657886,-0.8854870636696375,-0.3392194768880187,ILE,19258
0.0370606793283824,0.6223579634883225,1.7832185161221996,3.352773923559078,-0.1139855061657886,-0.8854870636696375,-0.3392194768880188,ILE,19258
0.7409449943627323,2.496274930446794,-1.5436039381346154,-1.716846802173014,1.2945614255601727,0.8086134781365802,-0.7130982981273698,LEU,19258
0.7451291559611863,2.499131120367894,-1.5473345274311212,-1.7117359272723218,1.3114932952448202,0.8142581749287147,-0.7004402804201345,LEU,19258
0.7431368702381498,2.5024745325671867,-1.5489970807861515,-1.7226157053388589,1.338329693439653,0.8064938718355952,-0.7111716717162516,LEU,19258
0.7318560260373942,2.525235027892373,-1.5389045257793827,-1.624749211387431,1.309729369020212,0.8000312028978402,-0.718077261410094,LEU,19258
0.7431368702381498,2.5024745325671733,-1.5489970807861515,-1.722615705338855,1.338329693439653,0.8064938718355952,-0.7111716717162516,LEU,19258
0.7386919151478494,2.5035082985992427,-1.5548715219564049,-1.623100391020541,1.2836385915880504,0.9398658888999426,-0.5960657861551866,LEU,19258
0.7451291559611863,2.4991311203679007,-1.5473345274311212,-1.7117359272723218,1.3114932952448202,0.8142581749287164,-0.7004402804201345,LEU,19258
0.7452813820057413,2.500771739291829,-1.5445715194631229,-1.714218651268835,1.3179752024748377,0.8134874424401576,-0.7030071876060713,LEU,19258
0.7430279654765701,2.494565389973478,-1.5390496195324737,-1.708300256981057,1.2735237507473491,0.8158014561797574,-0.7047415678038469,LEU,19258
0.7429935310272957,2.5008418238703354,-1.5517576494221688,-1.7201613835196363,1.3319413361025667,0.8072313875773697,-0.7086446858449221,LEU,19258
0.7194588127582858,2.550212095786405,-1.5472493886684822,-1.44358966644733,1.2353660504067605,0.826212426493985,-0.6806879659267748,LEU,19258
0.7429935310272957,2.5008418238703487,-1.5517576494221683,-1.7201613835196363,1.3319413361025667,0.8072313875773697,-0.708644685844922,LEU,19258
0.7386351683083416,2.516629022158615,-1.5391769083934068,-1.575390297071649,1.19847615376915,0.8202099508544696,-0.6941170493106262,LEU,19258
0.7431368702381498,2.5024745325671867,-1.5489970807861515,-1.722615705338855,1.338329693439653,0.8064938718355952,-0.7111716717162516,LEU,19258
0.7430279654765701,2.494565389973478,-1.5390496195324737,-1.70830025698106,1.2735237507473491,0.8158014561797574,-0.7047415678038469,LEU,19258
1.3961899610198665,2.600921702365739,-0.4759604985497166,0.1961789417765372,-0.9960741823239312,0.3169021015466071,-0.6276241782608657,LYS,19258
1.4159591485169627,2.5511075392415696,-0.4614673577469648,-0.0808818722860685,-1.0014796513500843,0.316464337809697,-0.6461556158569942,LYS,19258
1.4089208407417155,2.5534497419495863,-0.4929227874731198,-0.0261783150357878,-0.9098876223933626,0.4147412650443509,-0.5437795230794553,LYS,19258
0.2176615772148545,1.7642073435756174,0.2142342154670959,0.0398417150343112,-1.393948936550548,0.0477334801785406,-0.5571585339951184,LYS,19258
0.2159141523940988,1.7637307403620843,0.2164021529579927,0.0455716105840676,-1.4114045572182268,0.0526714222096351,-0.5487524040589513,LYS,19258
0.2176260879716523,1.7665309619968823,0.2116871085170173,0.0440207938045454,-1.3647284211209425,0.0429736481172712,-0.5543564814463545,LYS,19258
1.4117549913247651,2.567814522296473,-0.4596563244395455,0.0543499795681317,-1.066831472916424,0.3166043795979617,-0.6407218992455926,LYS,19258
1.4045290378473596,2.5480943864029326,-0.4579047484984835,-0.0916399168336524,-1.010109696046401,0.3138443602933985,-0.6591191490046675,LYS,19258
0.2101685338224006,1.7979719079953889,0.1645126504398192,0.1030150340759521,-1.275215858646714,0.1323037183491131,-0.4450165817141847,LYS,19258
1.409545470938418,2.55456835030383,-0.4615400850354939,-0.088205407681726,-0.9788121946657284,0.3100079232519177,-0.6568894904689797,LYS,19258
1.4165507570982911,2.5527804720559417,-0.4585519190347763,-0.082349460910614,-0.9961388411119434,0.3155596433004419,-0.6487035968938113,LYS,19258
1.409545470938418,2.55456835030383,-0.4615400850354939,-0.0882054076817294,-0.9788121946657284,0.3100079232519177,-0.6568894904689797,LYS,19258
0.2159375319327591,1.7660301873334594,0.2137854061159068,0.0496711612506985,-1.3815507849693116,0.0477498708547789,-0.5461301477706532,LYS,19258
0.2161317904029168,1.7648460755526083,0.2107755999735368,0.0510566239277863,-1.3867015473526427,0.0487266166500669,-0.5436179161266176,LYS,19258
1.4159591485169627,2.5511075392415763,-0.4614673577469648,-0.0808818722860685,-1.0014796513500843,0.3164643378096988,-0.6461556158569942,LYS,19258
0.1858079644148678,1.8338236537475523,0.1872572799894626,0.328838638483467,-1.3677169369589932,0.0429702534673408,-0.5273925793363703,LYS,19258
1.4114693951101387,2.5462975723784096,-0.4548243380791475,-0.0856992054860304,-1.0280767274052545,0.319569232017838,-0.6507453188152293,LYS,19258
1.4031236139454273,2.576888733477144,-0.4586555384786444,0.0137345615830651,-0.9794189210090188,0.3021360205907445,-0.6641398105375712,LYS,19258
1.4089679194224956,2.5529036088645523,-0.4644458582665865,-0.086760220825483,-0.98406198419616,0.3108852061953612,-0.6543819326005106,LYS,19258
0.2178251561785094,1.7653507885885071,0.2086914414488205,0.0453843401552636,-1.3697885840282644,0.0439261046552379,-0.5518856209166217,LYS,19258
0.2178251561785094,1.7653507885884936,0.2086914414488206,0.0453843401552636,-1.3697885840282644,0.0439261046552379,-0.5518856209166219,LYS,19258
1.4089679194224956,2.5529036088645656,-0.4644458582665864,-0.086760220825483,-0.98406198419616,0.3108852061953612,-0.6543819326005106,LYS,19258
0.2161317904029168,1.764846075552615,0.2107755999735368,0.0510566239277863,-1.3867015473526427,0.0487266166500686,-0.5436179161266176,LYS,19258
0.2176260879716523,1.766530961996869,0.2116871085170173,0.0440207938045488,-1.3647284211209425,0.0429736481172712,-0.5543564814463545,LYS,19258
0.2025135852870592,1.795509041722168,0.2101092925907486,0.146290313224712,-1.3606728590692456,0.0343437910630244,-0.5622579588894722,LYS,19258
0.2176260879716523,1.7665309619968823,0.2116871085170173,0.0440207938045488,-1.3647284211209425,0.0429736481172712,-0.5543564814463545,LYS,19258
1.409545470938418,2.554568350303817,-0.4615400850354939,-0.088205407681726,-0.9788121946657284,0.3100079232519177,-0.6568894904689797,LYS,19258
0.2159141523940988,1.7637307403620843,0.2164021529579927,0.045571610584071,-1.4114045572182268,0.0526714222096351,-0.5487524040589513,LYS,19258
0.2078321078725331,1.7935175020293344,0.2086575637944907,0.1861983694725349,-1.4441147871313864,0.0457408253364941,-0.5398643935671954,LYS,19258
1.4114693951101387,2.5462975723784096,-0.4548243380791475,-0.0856992054860271,-1.0280767274052545,0.319569232017838,-0.6507453188152293,LYS,19258
0.0225044346561164,-1.1349528560335287,0.5041741158966951,-0.954063404549032,-0.7990956075636888,1.441977083024811,-0.3626261065645474,MET,19258
0.0282993924872978,-1.2875872510283306,0.5580873130251955,-1.0284830004505745,-0.8846545451049905,1.2902363458791712,-0.4580784446937903,MET,19258
0.0310316797755756,-1.2927968796274474,0.5595073231884197,-1.0378728762135048,-0.8617765208756885,1.281221472074968,-0.46882092311732,MET,19258
0.0313523274278519,-1.2920958574351349,0.556465212818439,-1.035841335583629,-0.8670838179118503,1.2818253458709232,-0.4663806764102763,MET,19258
-0.0318011311475916,0.9543409854665702,-0.1560559824124129,-0.4532441710706206,-1.2814055994999296,0.3396783982668796,-0.3147472571528409,MET,19258
-0.0487322833299482,0.9901808137415284,-0.1551962809773729,-0.3522139956276244,-1.2783566678971507,0.3318907127604923,-0.3241704232198511,MET,19258
0.0279821069068435,-1.2883008459040632,0.561145873733837,-1.0305404293620393,-0.8792560996154264,1.289593704565782,-0.4605608533149707,MET,19258
-0.0314395434779802,0.9536602316333136,-0.1590025459419696,-0.4515735981044729,-1.2865067045190597,0.3405473285887094,-0.3123621545751284,MET,19258
0.0310316797755756,-1.2927968796274607,0.5595073231884197,-1.0378728762135048,-0.8617765208756885,1.281221472074968,-0.46882092311732,MET,19258
-0.0318011311475916,0.9543409854665836,-0.1560559824124129,-0.453244171070624,-1.2814055994999296,0.3396783982668796,-0.3147472571528409,MET,19258
0.0313523274278519,-1.2920958574351484,0.5564652128184391,-1.035841335583629,-0.8670838179118503,1.2818253458709232,-0.4663806764102764,MET,19258
-0.0674828367916102,1.0432147875334947,-0.1750182759820069,-0.1700565780608081,-1.287475887662786,0.3473389735554156,-0.2931615166090742,MET,19258
-0.0318011311475916,0.9543409854665836,-0.1560559824124129,-0.4532441710706206,-1.2814055994999296,0.3396783982668796,-0.3147472571528409,MET,19258
-0.040688578328447,1.0193394048514883,-0.1946043643511023,-0.3828442395478413,-1.1963381712738308,0.4461232146771564,-0.2142176224809059,MET,19258
-0.034950292525103,0.954486454022224,-0.1564298627517254,-0.4451263636193182,-1.3035286379884534,0.3462129734941034,-0.3039977301256846,MET,19258
-0.0036767570983764,-1.1442132417293034,0.5299061692717327,-0.7566019513578737,-0.8833671821611674,1.313202378634904,-0.4437769139234225,MET,19258
0.0145586606728082,-1.2379722135285194,0.555624045017482,-0.9382997832431892,-0.8637971656455836,1.276106277613788,-0.4772656120600422,MET,19258
-0.0314395434779802,0.9536602316333002,-0.1590025459419696,-0.4515735981044729,-1.2865067045190597,0.3405473285887094,-0.3123621545751284,MET,19258
-0.034950292525103,0.9544864540222172,-0.1564298627517254,-0.4451263636193182,-1.3035286379884534,0.3462129734941016,-0.3039977301256846,MET,19258
0.0310316797755756,-1.2927968796274474,0.5595073231884197,-1.037872876213508,-0.8617765208756885,1.281221472074968,-0.46882092311732,MET,19258
0.0282993924872978,-1.2875872510283373,0.5580873130251955,-1.0284830004505745,-0.8846545451049905,1.2902363458791697,-0.4580784446937903,MET,19258
-0.0353090056018816,0.9551667628748904,-0.1534716037999478,-0.446820678520238,-1.298336842545561,0.3453162846832945,-0.3064264190710811,MET,19258
2.2873007992893446,2.203171870662135,-2.8066286445741127,-0.156207454160384,1.881024386892296,2.62034891108353,0.4874227546124021,PHE,19258
2.300708419720194,2.201957929228968,-2.8005407520195558,-0.1502457808792914,1.85996074852426,2.6326101189784787,0.4960599770100966,PHE,19258
2.286151328137317,2.201723204630889,-2.8092212857585723,-0.1547202807584407,1.874369367116462,2.620575803223987,0.4895207544811771,PHE,19258
2.2873007992893446,2.2031718706621484,-2.8066286445741127,-0.1562074541603873,1.881024386892296,2.62034891108353,0.4874227546124021,PHE,19258
2.2919022495703545,2.1973404874288205,-2.792943742739933,-0.1532099108935083,1.81257851142184,2.6287295420621453,0.4875392431973486,PHE,19258
2.286151328137317,2.2017232046308752,-2.8092212857585728,-0.1547202807584407,1.874369367116462,2.620575803223987,0.4895207544811771,PHE,19258
2.2873007992893446,2.2031718706621484,-2.8066286445741127,-0.156207454160384,1.881024386892296,2.62034891108353,0.4874227546124021,PHE,19258
2.299538081569001,2.200502968293726,-2.803127475577289,-0.1487359560531962,1.8532115864984164,2.632891436435242,0.4982089795296143,PHE,19258
2.2919022495703545,2.1973404874288205,-2.792943742739933,-0.1532099108935116,1.81257851142184,2.6287295420621453,0.4875392431973486,PHE,19258
2.278564020837113,2.1985486016806544,-2.799202619278678,-0.1592590417943218,1.834335357519128,2.616196271213062,0.4788049340163419,PHE,19258
2.28727892259001,2.2284610103508244,-2.78820011032946,-0.0544369678326412,1.845867719417405,2.6190347175416893,0.4729052396740992,PHE,19258
2.299538081569001,2.2005029682937325,-2.803127475577289,-0.1487359560531962,1.8532115864984164,2.632891436435244,0.4982089795296143,PHE,19258
1.5637892082836695,0.4550594517384083,0.1454456408565638,0.6850408657006711,7.0096223899983325,0.966308814500941,2.137982214626275,SER,19258
-0.0847174945495972,-2.1828256697906374,-1.836450736724728,0.7537735759841907,7.3734389966831,0.0459035794814617,1.6268461381392991,SER,19258
1.5733037488487065,0.5003856394557861,0.1402604580935986,0.8331972542177088,6.815924590702716,0.9807216867131174,2.1261176950334297,SER,19258
0.094144198333684,-3.816145851745374,-1.6555087745324342,0.3101454069774013,7.994491696838908,3.443205330932813,1.6761759138160368,SER,19258
0.0938644906987428,-3.818399879531877,-1.6527620612967104,0.308945433210977,8.004155423120617,3.443210084831776,1.6745027788583005,SER,19258
0.0944245405677069,-3.791309420885036,-1.6472011890540934,0.3032745560269089,7.924511943359069,3.436212020307737,1.6592580436188735,SER,19258
0.082824140740909,-3.694033435476893,-1.642184597701981,0.4503660363881417,7.715187944754855,3.494736749599188,1.6525728288001,SER,19258
1.5769583467303483,0.4517327296441831,0.1419763823523283,0.6984976732057698,7.047140900214724,0.9729175652455346,2.166777002414831,SER,19258
-0.0979566117263581,-2.0882046993339247,-1.821830007856126,0.8929999167814926,7.107729654040852,0.0477472220347278,1.604031783286433,SER,19258
0.0778496046755647,-3.742237776106212,-1.6419817192241095,0.4118752299067249,7.895024662787764,3.444231513716,1.6524464633004838,SER,19258
-0.1024336903625918,-2.1217201581696585,-1.821748344591704,0.8568838247036795,7.281173329277442,0.0363274372076748,1.603412417052736,SER,19258
-0.085113819203614,-2.1840747430851937,-1.833728187307116,0.752847681057754,7.382797407940242,0.0449516797849359,1.6251553413607809,SER,19258
1.5688017726373429,0.4500807840529328,0.1398006943756057,0.6938365786822083,7.075103579625456,0.9654293736752207,2.157415280973546,SER,19258
0.0915490774996986,-3.807498540603587,-1.650947806981136,0.3154048252705447,7.965326044379912,3.457920266082698,1.6853433106326356,SER,19258
1.5642278350433547,0.4905486069943535,0.1416660361434514,0.7967603230662174,6.986297236558984,0.958722894469823,2.130800825584071,SER,19258
-0.088616691929566,-2.176856526666923,-1.831649366516353,0.758341205417055,7.345085960404204,0.0507098590290295,1.6359936155752353,SER,19258
-0.0837951739681635,-2.1655917617521823,-1.8278747946576543,0.744677177297927,7.30649805257576,0.0497046718830958,1.6101860898709626,SER,19258
-0.0877492399251525,-2.1594498562005247,-1.8229345596381823,0.7492769495884143,7.277450335168851,0.0546484430230299,1.6192788053325176,SER,19258
0.0915490774996986,-3.807498540603594,-1.650947806981136,0.3154048252705447,7.965326044379912,3.457920266082697,1.6853433106326356,SER,19258
1.5769583467303483,0.4517327296441764,0.1419763823523283,0.6984976732057698,7.047140900214724,0.9729175652455327,2.166777002414831,SER,19258
1.5586054366026452,0.5527145929843629,0.119381724355985,0.9798187216096104,6.768831042004372,0.988542410540958,2.122044818972613,SER,19258
-0.088616691929566,-2.176856526666929,-1.831649366516353,0.758341205417055,7.345085960404204,0.0507098590290278,1.6359936155752353,SER,19258
1.5718953382221943,0.4567876957867386,0.1477069633697299,0.6897362580137583,6.980970216797878,0.9739631212512854,2.14724212877678,SER,19258
0.0601293225948573,-3.602707167979774,-1.6494716110080587,0.5946318165284217,7.654649994103284,3.53103578567667,1.651438702097176,SER,19258
-0.1216213286525376,-2.0118085106592427,-1.827747166768272,1.0399893697588258,7.056273485042429,0.0449993782679287,1.6031988951281675,SER,19258
-0.085113819203614,-2.18407474308518,-1.833728187307116,0.7528476810577507,7.382797407940242,0.0449516797849359,1.6251553413607809,SER,19258
0.0917750297478621,-3.7824295060132314,-1.6425062303581726,0.3085820670673735,7.89464081115323,3.451170200434091,1.6683663044130792,SER,19258
1.569483535106482,0.4504516939049266,0.1427871614580076,0.6928736539550499,7.084315326541286,0.9647364052487194,2.1559144468896627,SER,19258
0.0938644906987428,-3.818399879531863,-1.6527620612967104,0.3089454332109736,8.004155423120617,3.443210084831776,1.6745027788583005,SER,19258
0.0917750297478621,-3.7824295060132314,-1.6425062303581726,0.3085820670673702,7.89464081115323,3.451170200434091,1.6683663044130792,SER,19258
1.569775782884243,0.536269443717311,0.0972288756595819,0.7369852543599856,6.723085427394335,1.1072362869415655,2.165599563572082,SER,19258
1.5718953382221943,0.4567876957867386,0.1477069633697299,0.6897362580137617,6.980970216797878,0.9739631212512854,2.14724212877678,SER,19258
0.08569744764068,-3.556204832282165,-1.656202508071222,0.3618631371176872,7.593853581418658,3.72867514626848,1.7018890688196358,SER,19258
0.0912732194155687,-3.809778771640237,-1.6481993439314762,0.3141839077953274,7.975090596374827,3.4578609733295607,1.683608198141845,SER,19258
-0.0890105556092865,-2.1781229828317694,-1.828926269804276,0.7573959964797313,7.354544519155614,0.0497336469469696,1.634241297494336,SER,19258
1.569483535106482,0.4504516939049132,0.1427871614580076,0.6928736539550499,7.084315326541286,0.9647364052487194,2.1559144468896627,SER,19258
1.5776554071205025,0.452100475047531,0.1449765306689214,0.6975152142851351,7.05645246882843,0.9721895298153655,2.1652097400142125,SER,19258
1.5688017726373429,0.4500807840529462,0.1398006943756057,0.6938365786822083,7.075103579625456,0.9654293736752207,2.1574152809735456,SER,19258
1.569483535106482,0.4504516939049266,0.1427871614580076,0.6928736539550465,7.084315326541286,0.9647364052487194,2.1559144468896627,SER,19258
0.0938644906987428,-3.818399879531863,-1.6527620612967104,0.308945433210977,8.004155423120617,3.443210084831776,1.6745027788583005,SER,19258
-0.0877492399251525,-2.1594498562005247,-1.8229345596381823,0.7492769495884108,7.277450335168851,0.0546484430230299,1.6192788053325176,SER,19258
0.094144198333684,-3.8161458517453606,-1.6555087745324335,0.3101454069774013,7.994491696838908,3.443205330932813,1.6761759138160366,SER,19258
-0.085113819203614,-2.18407474308518,-1.833728187307116,0.752847681057754,7.382797407940242,0.0449516797849359,1.6251553413607809,SER,19258
-0.0847174945495972,-2.182825669790624,-1.836450736724728,0.7537735759841907,7.3734389966831,0.0459035794814617,1.626846138139299,SER,19258
-0.0943068923759573,-1.9894055504456631,-1.8329237478554543,0.7955836662785256,7.005643985121538,0.1343958483246341,1.6543561023871527,SER,19258
-1.5550207898910633,-5.790861251105452,0.0738872143989979,2.3542014283433117,8.911113372936171,-0.3842811920981642,2.1213712406414,THR,19258
-1.5621400504311953,-5.7411980488906265,0.0790117737814672,2.339060297065916,8.795515661189539,-0.3743650734834904,2.1128808794203877,THR,19258
-1.5826666213511558,-5.632102599787364,0.0718633523927065,2.489778095945169,8.601857324539875,-0.3876408614818551,2.092138963173864,THR,19258
-1.5536667169527238,-5.78739434720798,0.0709099473023909,2.3541385984331544,8.901003997154556,-0.3832084578089603,2.12288443799983,THR,19258
-1.547471978454256,-5.753382457769507,0.0766570662460317,2.337013654670294,8.826588681163203,-0.378043928005233,2.1036318470027378,THR,19258
-1.5621400504311953,-5.7411980488906265,0.0790117737814672,2.3390602970659127,8.795515661189539,-0.3743650734834904,2.1128808794203877,THR,19258
-1.5550207898910633,-5.790861251105437,0.0738872143989979,2.3542014283433117,8.911113372936171,-0.3842811920981642,2.1213712406414,THR,19258
-1.5536667169527238,-5.787394347207965,0.0709099473023908,2.3541385984331544,8.901003997154556,-0.3832084578089603,2.12288443799983,THR,19258
-1.5550207898910633,-5.790861251105437,0.0738872143989979,2.354201428343308,8.911113372936171,-0.3842811920981642,2.1213712406414,THR,19258
-1.56827598979545,-5.77551476432025,0.0731771647311198,2.356210636349841,8.870652219005242,-0.3796537372053424,2.132232215874652,THR,19258
-1.569639005813425,-5.779018516753897,0.0761676552219361,2.356260031297621,8.880863410454394,-0.3807457650582829,2.1306529095609568,THR,19258
-1.56827598979545,-5.775514764320244,0.0731771647311198,2.356210636349841,8.870652219005242,-0.3796537372053406,2.132232215874652,THR,19258
-1.5830581985483112,-5.698034901202044,0.0732227796961541,2.46222865976376,8.791025572618224,-0.3941237761813287,2.096476993210648,THR,19258
-1.572640408257285,-5.447169482774488,0.0299451008793447,2.3602074049853408,8.45242682982941,-0.3195963563632683,2.132326487069345,THR,19258
-1.6142968899609385,-5.522757271642479,0.0515061687225074,2.646593053805957,8.52806325765969,-0.3953207034594861,2.088276954094308,THR,19258
-1.5872870210633354,-1.3882999224101975,0.4554086156076382,0.4122164795746494,-1.4004916508773235,2.024838759846711,0.8882831258461346,TRP,19258
0.7429935310272957,0.1793595020830568,0.947399452233898,1.203537028179371,-1.868658000430438,1.434090907490105,1.2206976517341577,TRP,19258
0.7429935310272957,0.1793595020830433,0.9473994522338982,1.203537028179371,-1.868658000430438,1.434090907490105,1.2206976517341577,TRP,19258
-1.5950053059330809,-1.4026674770356409,0.4532519831455955,0.4185042858710325,-1.3713065386173382,2.0269394107843146,0.8991997052861525,TRP,19258
-1.5950053059330809,-1.402667477035627,0.4532519831455955,0.4185042858710291,-1.3713065386173382,2.0269394107843146,0.8991997052861525,TRP,19258
-1.5936251802564374,-1.401898894877483,0.4502240607055155,0.419636614647162,-1.3763634692526756,2.027333355357046,0.9011503270726224,TRP,19258
-1.5950053059330809,-1.402667477035627,0.4532519831455955,0.4185042858710325,-1.3713065386173382,2.0269394107843146,0.8991997052861525,TRP,19258
0.7431368702381498,0.1795638416744055,0.9504937697521844,1.2028890025449643,-1.8638430861599649,1.4335299104850998,1.2188614392978658,TRP,19258
0.7431368702381498,0.179563841674419,0.9504937697521844,1.2028890025449643,-1.8638430861599649,1.4335299104850998,1.2188614392978658,TRP,19258
0.7409449943627323,0.1855982807665242,0.9518466420137685,1.1921843029056711,-1.8903773860946176,1.4334812484803592,1.2061603373464933,TRP,19258
-1.5936251802564374,-1.4018988948774695,0.4502240607055154,0.419636614647162,-1.3763634692526756,2.027333355357046,0.9011503270726224,TRP,19258
0.7431368702381498,0.179563841674419,0.9504937697521844,1.202889002544961,-1.8638430861599649,1.4335299104850998,1.2188614392978658,TRP,19258
1.4914185275958785,-1.4675479591258027,-1.4468923399637463,0.4180320494371474,1.022031877154626,1.935949954071768,0.545543069887259,TYR,19258
1.4983754047452424,-1.4619445107045552,-1.4453790603538912,0.424254084646972,0.9957645537768136,1.9466895733150036,0.5563319537083303,TYR,19258
1.4907876299967615,-1.4667394816429866,-1.449666542313652,0.4191646697865143,1.0157989382288102,1.936369513350781,0.5476202680560016,TYR,19258
0.9808415268827244,0.6734731705735628,-4.386238387434609,-0.3873890970566806,0.6276067564375536,1.2482082738251292,0.4665001924986995,TYR,19258
0.9779392956072424,0.6774120263865447,-4.373880833254749,-0.3907606293332689,0.5936731533043771,1.2481892282522349,0.4559046889339834,TYR,19258
0.9850204445387952,0.6752652192717005,-4.375683683938533,-0.3826963763275993,0.6142151828318746,1.2558695109985496,0.4730220900412591,TYR,19258
1.4990209946096602,-1.4627665039945654,-1.4426017401862472,0.4231009210784074,1.002090697353102,1.946223591080704,0.5542032155504962,TYR,19258
0.9811399419168172,0.6739815300112146,-4.383856348334611,-0.3890200160630003,0.6336488566382654,1.2475949337246783,0.4643939504468929,TYR,19258
0.9811399419168172,0.6739815300112281,-4.383856348334611,-0.3890200160630037,0.6336488566382654,1.2475949337246783,0.4643939504468929,TYR,19258
1.4860550774754695,-1.4528386993737448,-1.4416642432298332,0.4117469023179759,0.9799659116810628,1.9341639414372027,0.5366007906527708,TYR,19258
1.485593631888413,-1.4112469168083184,-1.437476567429756,0.5212337250110807,0.9972527748998262,1.932693151492865,0.5306564496992248,TYR,19258
0.9808415268827244,0.6734731705735494,-4.38623838743461,-0.3873890970566806,0.6276067564375536,1.2482082738251292,0.4665001924986995,TYR,19258
0.984711296159678,0.6747588179021068,-4.378049324737518,-0.3810419511725876,0.6080803019049226,1.256521225436845,0.4751791218361608,TYR,19258
1.4935921993222614,-1.4478972018491467,-1.4372483144799704,0.4168804903251981,0.9593473902330232,1.944680340627787,0.545353408781121,TYR,19258
0.9817570474885592,0.678765787560604,-4.365484227290561,-0.3843403120455025,0.5735693115078957,1.256677097566641,0.46463174362642,TYR,19258
1.4983754047452424,-1.4619445107045483,-1.4453790603538912,0.424254084646972,0.9957645537768136,1.9466895733150047,0.5563319537083303,TYR,19258
0.984711296159678,0.6747588179021135,-4.378049324737518,-0.3810419511725876,0.6080803019049226,1.2565212254368467,0.4751791218361608,TYR,19258
1.4944525695810675,-1.3841714110742056,-1.437817342113754,0.5591409580592714,0.8892538919764884,1.9658624655455672,0.5420615764374284,TYR,19258
0.9811399419168172,0.6739815300112281,-4.383856348334611,-0.3890200160630003,0.6336488566382654,1.2475949337246783,0.4643939504468929,TYR,19258
0.9790351050999218,0.7200179673200262,-4.353346980303652,-0.2456051074643847,0.5095589656678243,1.2676364145604495,0.4622385238149538,TYR,19258
0.9817570474885592,0.678765787560604,-4.365484227290561,-0.3843403120454992,0.5735693115078957,1.256677097566641,0.46463174362642,TYR,19258
1.4907876299967615,-1.4667394816430002,-1.449666542313652,0.4191646697865143,1.0157989382288102,1.936369513350781,0.5476202680560016,TYR,19258
1.4914185275958785,-1.4675479591258027,-1.4468923399637463,0.4180320494371507,1.022031877154626,1.935949954071768,0.545543069887259,TYR,19258
1.4935921993222614,-1.4478972018491467,-1.4372483144799704,0.4168804903252014,0.9593473902330232,1.944680340627787,0.545353408781121,TYR,19258
1.4914185275958785,-1.467547959125816,-1.4468923399637463,0.4180320494371507,1.022031877154626,1.935949954071768,0.545543069887259,TYR,19258
0.9715944502902634,0.7121899618671629,-4.354973450689311,-0.2878297734016806,0.6135618443377957,1.2423842931547413,0.4500226847584835,TYR,19258
0.6269237090498466,2.286441927485105,-0.6428977934562455,2.8043739954889824,-1.257741581662263,0.8902853302787411,-0.322776218329106,VAL,19258
0.6282130715443224,2.2850827771881588,-0.639682198572993,2.8057439413070453,-1.274801152846218,0.8975543548450455,-0.3144159990822465,VAL,19258
0.6269913712589602,2.2879427195244952,-0.6400158515136578,2.8047149862644,-1.2526263354531997,0.889571201877485,-0.325165049513428,VAL,19258
0.6265281734547197,2.2815228569786545,-0.6327697086993525,2.78631872039046,-1.300054356654658,0.8988363303423091,-0.3207682416625652,VAL,19258
0.6282887194896113,2.2865903216360146,-0.6367917771203471,2.806073151090092,-1.2695951848005167,0.8968060383121415,-0.3168483203188881,VAL,19258
0.6265281734547197,2.2815228569786545,-0.6327697086993525,2.786318720390464,-1.300054356654658,0.8988363303423091,-0.3207682416625652,VAL,19258
0.6269913712589602,2.287942719524482,-0.6400158515136578,2.804714986264403,-1.2526263354531997,0.889571201877485,-0.325165049513428,VAL,19258
0.6252917753554116,2.28287298910018,-0.6360920200799886,2.784990357534712,-1.2824501798984205,0.8914035297278692,-0.3292465710325971,VAL,19258
0.6282130715443224,2.285082777188152,-0.639682198572993,2.8057439413070453,-1.274801152846218,0.8975543548450438,-0.3144159990822465,VAL,19258
0.6269913712589602,2.2879427195244952,-0.6400158515136578,2.804714986264403,-1.2526263354531997,0.889571201877485,-0.325165049513428,VAL,19258
0.6269237090498466,2.286441927485092,-0.6428977934562456,2.8043739954889824,-1.257741581662263,0.8902853302787411,-0.322776218329106,VAL,19258
0.614863675001994,2.3125156767114867,-0.6359483112035772,2.9138650421427985,-1.2499250887094215,0.8833443409731307,-0.3345220552054864,VAL,19258
