C1,C2,H1,H2,i
33.98653513497109,33.98653513497109,3.725403495776293,-0.4192981674036868,33925.117
33.98653513497109,33.98653513497109,3.6602825030067594,3.680659599343092,50487.293
33.98653513497109,33.98653513497109,3.6602825030067594,1.00202052506853,36688.125
33.98653513497109,33.98653513497109,3.582137311683317,3.625993495786468,38162.02
33.98653513497109,33.98653513497109,2.878830589772341,2.860668045993736,38109.984
33.98653513497109,33.98653513497109,2.7485886042332712,2.8060019424371125,40442.402
33.98653513497109,33.98653513497109,2.657419214355923,2.642003631767241,124068.34
33.98653513497109,33.98653513497109,-0.1558076732879794,-0.1459676496205686,79870.266
33.98653513497109,13.616798021334382,3.6602825030067594,3.516661288673221,80262.266
33.98653513497109,13.616798021334382,3.5691131131294096,6.359298673617654,48993.62
33.98653513497109,13.616798021334382,2.7485886042332712,2.5873375282106177,32815.58
33.98653513497109,13.616798021334382,2.683467611463737,6.413964777174278,33655.39
33.98653513497109,13.616798021334382,2.683467611463737,2.8060019424371125,43364.566
33.663205974437176,13.9401271818683,3.725403495776293,1.0566866286251535,53417.016
33.33987681390326,33.663205974437176,3.6602825030067594,3.516661288673221,38473.992
33.33987681390326,33.33987681390326,3.790524488545828,4.82864777403219,89931.71
33.33987681390326,33.33987681390326,3.790524488545828,3.789991806456339,48069.973
33.33987681390326,33.33987681390326,3.790524488545828,1.1660188357384005,49755.652
33.33987681390326,33.33987681390326,3.777500289991921,6.468630880730902,131976.7
33.33987681390326,33.33987681390326,3.725403495776293,6.468630880730902,173080.28
33.33987681390326,33.33987681390326,3.725403495776293,4.992646084702061,119348.63
33.33987681390326,33.33987681390326,3.725403495776293,3.625993495786468,54881.88
33.33987681390326,33.33987681390326,3.725403495776293,1.0566866286251535,54575.984
33.33987681390326,33.33987681390326,3.6602825030067594,6.468630880730902,76844.195
33.33987681390326,33.33987681390326,3.6472583044528513,5.101978291815309,55717.613
33.33987681390326,33.33987681390326,3.5691131131294096,6.468630880730902,50817.9
33.33987681390326,33.33987681390326,3.5691131131294096,5.26597660248518,42760.832
33.33987681390326,33.33987681390326,2.891854788326248,6.413964777174278,31698.572
33.33987681390326,33.33987681390326,2.6704434129098296,0.0726967646059266,31093.695
33.33987681390326,13.9401271818683,3.790524488545828,4.82864777403219,88824.18
33.33987681390326,13.9401271818683,3.790524488545828,1.1660188357384005,48508.445
33.33987681390326,13.9401271818683,3.777500289991921,6.468630880730902,133114.44
33.33987681390326,13.9401271818683,3.725403495776293,6.468630880730902,165216.14
33.33987681390326,13.9401271818683,3.725403495776293,4.992646084702061,115081.25
33.33987681390326,13.9401271818683,3.725403495776293,3.680659599343092,56165.234
33.33987681390326,13.9401271818683,3.725403495776293,-0.4739642709603107,33354.77
33.33987681390326,13.9401271818683,3.6602825030067594,6.468630880730902,76292.37
33.33987681390326,13.9401271818683,3.6472583044528513,5.101978291815309,54580.46
33.33987681390326,13.9401271818683,3.5691131131294096,5.26597660248518,43565.887
33.33987681390326,13.9401271818683,2.891854788326248,6.413964777174278,31609.098
29.783256048030182,29.783256048030182,2.1494754707535515,2.1500086997576275,49108.934
29.459926887496263,29.459926887496263,2.735564405679365,2.7513358388804887,80415.38
29.459926887496263,29.459926887496263,2.683467611463737,2.696669735323865,63319.97
29.13659772696235,29.13659772696235,3.152338759404387,3.1339985637768546,80960.78
27.196622763758857,27.196622763758857,3.777500289991921,3.789991806456339,230252.95
25.903306121623192,25.903306121623192,0.7689104240394151,0.7833561108420346,148908.86
25.57997696108928,25.57997696108928,0.5735474457308101,0.5646916966155402,89772.83
25.25664780055536,25.25664780055536,0.8731040124706695,0.8926883179552823,175772.34
25.25664780055536,25.25664780055536,0.664716835608159,0.674023903728787,199085.03
24.933318640021444,24.933318640021444,1.0554427922253673,1.0566866286251535,270783.53
24.28666031895361,24.28666031895361,0.9121766081323912,0.8926883179552823,160706.28
24.28666031895361,24.28666031895361,0.7949588211472278,0.7833561108420346,183676.33
23.96333115841969,23.96333115841969,3.6602825030067594,3.625993495786468,91253.805
23.96333115841969,23.96333115841969,3.5691131131294096,3.5713273922298443,103314.805
23.96333115841969,23.96333115841969,1.00334599800974,1.00202052506853,183540.64
23.64000199788578,23.64000199788578,3.790524488545828,3.789991806456339,42185.22
22.993343676817947,22.993343676817947,3.152338759404387,3.1339985637768546,161400.56
22.993343676817947,22.993343676817947,0.8079830197011351,0.7833561108420346,159373.9
22.346685355750115,22.346685355750115,3.10024196518876,3.079332460220231,90655.195
22.346685355750115,22.346685355750115,0.7558862254855079,0.7286900072854108,126242.125
22.346685355750115,22.346685355750115,0.4954022544073684,0.5100255930589164,80678.85
22.0233561952162,22.0233561952162,0.6386684385003445,0.619357800172164,120408.5
22.0233561952162,22.0233561952162,-0.1818560703957938,-0.2006337531771924,89469.41
22.0233561952162,22.0233561952162,-0.3772190487043971,-0.364632063847063,97478.26
21.70002703468228,21.70002703468228,3.803548687099735,3.789991806456339,88254.0
21.37669787414837,21.37669787414837,1.1075395864409965,1.1113527321817769,118525.625
21.05336871361445,21.05336871361445,3.725403495776293,3.735325702899716,307183.1
21.05336871361445,21.05336871361445,1.7717737126902504,1.7673459748612617,32452.047
20.40671039254662,20.40671039254662,1.5503623372738318,1.5486815606347673,99814.43
19.76005207147879,19.76005207147879,1.420120351734763,1.4393493535215196,106616.26
19.436722910944876,19.436722910944876,0.4954022544073684,0.5100255930589164,106552.21
19.11339375041096,19.11339375041096,1.1466121821027162,1.1660188357384005,100398.21
18.79006458987704,18.79006458987704,2.6704434129098296,2.642003631767241,42190.582
18.466735429343125,18.466735429343125,1.224757373426158,1.2206849392950243,86331.07
17.820077108275292,17.820077108275292,4.090081055285688,4.063322324239458,36503.383
17.496747947741376,17.496747947741376,0.5214506515151829,0.5100255930589164,97609.86
16.850089626673544,16.850089626673544,1.980160889552761,1.986010389087757,124806.96
15.880102145071795,15.880102145071795,4.181250445163037,4.1726545313527055,38050.105
15.880102145071795,15.880102145071795,-0.4032674458122116,-0.4192981674036868,72459.164
15.55677298453788,15.55677298453788,2.214596463523087,2.204674803314252,57909.484
15.233443824003963,15.233443824003963,4.5589522032263385,4.555317256249071,38655.984
14.910114663470049,14.910114663470049,4.324516629256013,4.336652842022577,45053.38
14.263456342402216,14.263456342402216,3.7514518928841074,3.735325702899716,96851.43
13.9401271818683,33.663205974437176,3.725403495776293,6.468630880730902,173497.36
13.9401271818683,33.663205974437176,3.725403495776293,4.992646084702061,119024.24
13.9401271818683,33.663205974437176,3.725403495776293,1.0566866286251535,58185.176
13.9401271818683,33.663205974437176,3.6602825030067594,5.101978291815309,53462.555
13.9401271818683,33.663205974437176,3.5691131131294096,6.468630880730902,50247.246
13.9401271818683,33.33987681390326,3.790524488545828,4.82864777403219,89660.79
13.9401271818683,33.33987681390326,3.790524488545828,1.1660188357384005,48373.53
13.9401271818683,33.33987681390326,3.777500289991921,6.468630880730902,130308.08
13.9401271818683,33.33987681390326,3.725403495776293,3.680659599343092,54992.586
13.9401271818683,33.33987681390326,3.725403495776293,-0.4739642709603107,32243.912
13.9401271818683,33.33987681390326,3.6602825030067594,6.468630880730902,75050.83
13.9401271818683,33.33987681390326,3.582137311683317,0.7286900072854108,31505.256
13.9401271818683,33.33987681390326,3.5691131131294096,5.26597660248518,46190.836
13.9401271818683,33.33987681390326,3.5691131131294096,0.8926883179552823,30986.432
13.9401271818683,33.33987681390326,2.891854788326248,6.413964777174278,32351.719
13.9401271818683,33.33987681390326,2.6704434129098296,0.0726967646059266,30931.879
13.9401271818683,13.9401271818683,3.790524488545828,4.82864777403219,89278.69
13.9401271818683,13.9401271818683,3.777500289991921,6.468630880730902,133116.48
13.9401271818683,13.9401271818683,3.777500289991921,1.1660188357384005,45604.25
13.9401271818683,13.9401271818683,3.725403495776293,6.468630880730902,139927.1
13.9401271818683,13.9401271818683,3.725403495776293,4.937979981145437,102401.22
13.9401271818683,13.9401271818683,3.725403495776293,1.0566866286251535,41463.277
13.9401271818683,13.9401271818683,3.725403495776293,-0.4739642709603107,32963.09
13.9401271818683,13.9401271818683,3.6602825030067594,6.468630880730902,76426.3
13.9401271818683,13.9401271818683,3.6472583044528513,5.101978291815309,49599.133
13.9401271818683,13.9401271818683,3.582137311683317,5.26597660248518,44014.414
13.9401271818683,13.9401271818683,3.582137311683317,0.7286900072854108,31850.98
13.9401271818683,13.9401271818683,3.5691131131294096,6.468630880730902,41194.637
13.9401271818683,13.9401271818683,2.891854788326248,6.413964777174278,32412.31
13.9401271818683,13.9401271818683,2.878830589772341,2.860668045993736,92392.16
13.616798021334382,33.98653513497109,3.6602825030067594,3.516661288673221,84254.92
13.616798021334382,33.98653513497109,2.7485886042332712,2.5873375282106177,32432.621
13.616798021334382,33.98653513497109,2.683467611463737,2.8060019424371125,41577.13
13.616798021334382,33.33987681390326,2.7485886042332712,2.7513358388804887,32411.02
13.616798021334382,13.616798021334382,3.790524488545828,-0.4739642709603107,32217.533
13.616798021334382,13.616798021334382,3.6602825030067594,5.320642706041804,36729.36
13.616798021334382,13.616798021334382,3.6602825030067594,3.680659599343092,72391.29
13.616798021334382,13.616798021334382,3.6602825030067594,1.00202052506853,43960.26
13.616798021334382,13.616798021334382,3.6602825030067594,0.7286900072854108,32873.48
13.616798021334382,13.616798021334382,3.582137311683317,3.625993495786468,41375.043
13.616798021334382,13.616798021334382,2.7485886042332712,2.7513358388804887,62570.71
13.616798021334382,13.616798021334382,2.735564405679365,0.0180306610493028,40380.27
13.616798021334382,13.616798021334382,2.657419214355923,2.642003631767241,201346.69
13.616798021334382,13.616798021334382,-0.1558076732879794,-0.1459676496205686,50477.67
